Country,Value
Australia,180275.399854024
Belgium,676044.552702031
Brazil,37960.100759759
Canada,1214360.5525903641
Chile,6426.668596504
China,423163401.54365176
Denmark,441300.36243788997
Europe,233071332.05856118
Finland,302514.090169855

